strategy,auc,dpd,meets_threshold
baseline,0.9341853563723908,0.05274841700494247,True
reweigh,0.9339912509249321,0.05070040823462074,True
threshold,0.9341853563723908,1.7869616603077842e-05,True
