strategy,auc,dpd,meets_threshold
baseline,0.8634250626822375,0.09560881548795497,True
reweigh,0.860070705460795,0.09044104101783823,True
threshold,0.8634250626822375,0.007285590441675843,True
