strategy,auc,dpd,meets_threshold
baseline,0.9340865449751441,0.05177172404446263,True
reweigh,0.9341102544995987,0.051099568104284496,True
threshold,0.9340865449751441,0.0020720143396137647,True
