dataset,key,n_samples,sensitive_attribute,target,data_gap,xgb_dpd,xgb_amplification,xgb_auc,lr_dpd,lr_amplification,lr_auc,baseline_dpd,reweigh_dpd,threshold_dpd,best_mitigated_dpd,intersectional_max_dpd,single_attr_dpd_ref,compounding_gap,intersectional_worst_pair,meets_threshold_baseline,meets_threshold_mitigated,meets_threshold_intersectional
Stack Overflow 2024,so,65000,Age (binary: <35 vs >=35),above_median_salary,0.3050532082467917,0.5669907974069541,1.8586619652581713,0.7593067811678655,0.6305521555827553,2.0670235108807886,0.7500791013312318,0.5669907974069541,0.3411555374223673,0.0007547939616482,0.0007547939616482,0.977059,0.566991,0.410068,experienced_senior vs young_junior,False,True,False
freeCodeCamp 2018,fcc,30047,Gender (binary: man vs woman),paid_contributor,0.0703848904039584,0.0517717240444626,0.7355516647362619,0.934086544975144,0.0296607647054834,0.421408119183591,0.8375924280637395,0.0517717240444626,0.0510995681042844,8.20279991056716e-05,8.20279991056716e-05,0.771009,0.051772,0.719237,man_senior vs woman_junior,True,True,False
UCI Adult / Census Income,adult,48842,Gender (binary: man vs woman),above_50k,0.1945157459642029,0.0956088154879549,0.4915222390994905,0.8634250626822375,0.1071857802135125,0.5510390900806508,0.826599657997076,0.0956088154879549,0.0904410410178382,0.0072855904416758,0.0072855904416758,0.170943,0.095609,0.075334,man_senior vs woman_junior,True,True,False
