strategy,auc,dpd,meets_threshold
baseline,0.5623946362796088,0.024035369774919615,True
reweigh,0.5707851062949219,0.011173633440514467,True
threshold,0.5623946362796088,0.0009646302250803859,True
